drawille,s,0,0
rank2classes,u,0,0
shakespeare,s,0,0
digits,s,0,0
warp,u,0,0
fedora-haskell-tools,s,0,0
atom-conduit,s,0,0
focus,s,0,0
http-client,s,0,0
optional-args,s,0,0
titlecase,s,0,0
streaming,s,0,0
semigroupoids,u,0,0
mtl-compat,s,0,0
cereal-text,s,0,0
modern-uri,u,0,0
regex-pcre,s,0,0
structs,u,0,0
pipes-aeson,u,0,0
dublincore-xml-conduit,s,0,0
lens-regex,u,0,0
shake,s,0,0
network-anonymous-tor,s,0,0
prompt,s,0,0
data-clist,s,0,0
data-ref,s,0,0
socket-activation,s,0,0
foreign-store,s,0,0
ALUT,s,0,0
NumInstances,s,0,0
MissingH,s,0,0
hp2pretty,s,0,0
buffer-builder,s,0,0
cookie,s,0,0
explicit-exception,s,0,0
mmark-ext,u,0,0
cereal-time,s,0,0
regex-pcre-text,s,0,0
async-timer,s,0,0
openpgp-asciiarmor,s,0,0
JuicyPixels-scale-dct,s,0,0
wai-conduit,s,0,0
io-streams-haproxy,s,0,0
ws,s,0,0
sox,s,0,0
yesod-form-bootstrap4,u,0,0
time-parsers,s,0,0
conduit-combinators,s,0,0
byteorder,s,0,0
LibZip,s,0,0
glazier-pipes,u,0,0
newtype,s,0,0
pagination,s,0,0
tf-random,s,0,0
envy,s,0,0
wai-middleware-metrics,s,0,0
insert-ordered-containers,u,0,0
exceptions,s,0,0
dom-parser,u,0,0
wai-websockets,s,0,0
Only,s,0,0
eq,u,0,0
xeno,s,0,0
haddock-library,s,0,0
sphinx,s,0,0
heterocephalus,u,0,0
cipher-aes128,s,0,0
stb-image-redux,s,0,0
binary-search,s,0,0
thread-hierarchy,s,0,0
bzlib-conduit,s,0,0
test-framework-hunit,s,0,0
free,u,0,0
NineP,s,0,0
xenstore,s,0,0
event,s,0,0
ghcjs-codemirror,s,0,0
hreader-lens,u,0,0
higher-leveldb,s,0,0
void,s,0,0
writer-cps-full,u,0,0
cereal,s,0,0
type-of-html,s,0,0
bits,u,0,0
zip-archive,s,0,0
data-reify,s,0,0
microlens-platform,s,0,0
xdg-basedir,s,0,0
rcu,u,0,0
equal-files,s,0,0
state-codes,s,0,0
irc-client,u,0,0
time-lens,s,0,0
gc,u,0,0
markov-chain,s,0,0
netlib-ffi,s,0,0
xml-html-qq,u,0,0
pid1,s,0,0
weeder,s,0,0
storable-endian,s,0,0
log-base,s,0,0
traverse-with-class,s,0,0
singleton-bool,s,0,0
hw-succinct,s,0,0
streaming-commons,s,0,0
io-memoize,s,0,0
hspec-contrib,s,0,0
quickcheck-assertions,s,0,0
executable-hash,s,0,0
lmdb,s,0,0
crypto-enigma,s,0,0
bimap,s,0,0
ANum,s,0,0
uniprot-kb,s,0,0
monoid-subclasses,s,0,0
partial-isomorphisms,s,0,0
regex-tdfa-text,s,0,0
quickcheck-special,s,0,0
BoundedChan,s,0,0
once,s,0,0
unexceptionalio,s,0,0
katip,u,0,0
hlint,s,0,0
markdown,s,0,0
th-utilities,u,0,0
html-email-validate,s,0,0
conduit-algorithms,s,0,0
rawfilepath,s,0,0
haskell-gi-base,s,0,0
fixed-length,s,0,0
data-has,s,0,0
roles,s,0,0
friendly-time,s,0,0
forma,s,0,0
check-email,s,0,0
microlens-th,s,0,0
servant-github-webhook,u,0,0
missing-foreign,s,0,0
blaze-svg,s,0,0
lucid,u,0,0
cryptohash-sha1,s,0,0
aeson-compat,s,0,0
generic-xmlpickler,s,0,0
email-validate,u,0,0
objective,u,0,0
writer-cps-morph,s,0,0
lens-simple,s,0,0
microspec,s,0,0
profiterole,s,0,0
heaps,u,0,0
blaze-bootstrap,s,0,0
haskell-lexer,s,0,0
compiler-warnings,s,0,0
Network-NineP,s,0,0
pointedlist,s,0,0
either,u,0,0
hledger-lib,u,0,0
pcre-light,s,0,0
hw-string-parse,s,0,0
cmark-gfm,s,0,0
JuicyPixels,s,0,0
yesod-table,f,0,0
ratio-int,s,0,0
socks,s,0,0
base-unicode-symbols,s,0,0
servant-docs,u,0,0
shelly,s,0,0
scrypt,s,0,0
pattern-arrows,s,0,0
hasbolt,s,0,0
ChannelT,u,0,0
metrics,u,0,0
data-diverse,s,0,0
text-binary,s,0,0
integer-logarithms,s,0,0
indentation-core,s,0,0
base64-string,s,0,0
clientsession,s,0,0
lens-action,u,0,0
mwc-random,s,0,0
hidden-char,s,0,0
yi-language,s,0,0
OpenGL,s,0,0
yesod-websockets,s,0,0
these,u,0,0
hlibgit2,s,0,0
stripe-core,s,0,0
RefSerialize,s,0,0
monad-par,s,0,0
process-extras,s,0,0
if,s,0,0
cereal-conduit,s,0,0
dependent-sum,s,0,0
reflection,s,0,0
lens-aeson,u,0,0
tasty-smallcheck,s,0,0
netlib-carray,s,0,0
include-file,s,0,0
auto,u,0,0
yesod-test,u,0,0
tasty-stats,s,0,0
wai-cors,s,0,0
setenv,s,0,0
writer-cps-transformers,s,0,0
hmatrix-special,s,0,0
base-prelude,s,0,0
indents,s,0,0
murmur-hash,s,0,0
lens-family,s,0,0
selda,s,0,0
compressed,u,0,0
json-feed,s,0,0
ekg-core,s,0,0
fingertree,s,0,0
bmp,s,0,0
temporary-rc,s,0,0
lrucache,f,2,0
wai,s,0,0
bimap-server,s,0,0
basement,s,0,0
connection-pool,s,0,0
HUnit-approx,s,0,0
ansi-wl-pprint,s,0,0
safeio,s,0,0
unicode,s,0,0
test-framework,s,0,0
hostname,s,0,0
sysinfo,s,0,0
witherable,s,0,0
bound,u,0,0
stm-delay,s,0,0
scalpel-core,s,0,0
optparse-generic,s,0,0
persistent-refs,s,0,0
wai-middleware-caching,s,0,0
hxt-css,s,0,0
ObjectName,s,0,0
boolean-like,s,0,0
List,s,0,0
hsass,s,0,0
interpolation,s,0,0
logict,s,0,0
bytestring-conversion,s,0,0
transformers-bifunctors,s,0,0
IPv6Addr,s,0,0
qm-interpolated-string,u,0,0
HTF,s,0,0
wai-transformers,s,0,0
trifecta,u,0,0
indentation-parsec,s,0,0
machines-directory,u,0,0
data-fix,s,0,0
tasty-th,s,0,0
case-insensitive,s,0,0
hw-json,s,0,0
hspec-wai-json,u,0,0
dyre,s,0,0
aern2-mp,u,0,0
hs-GeoIP,s,0,0
HPDF,s,0,0
pipes-category,u,0,0
here,u,0,0
text-short,s,0,0
milena,u,0,0
monoidal-containers,u,0,0
codo-notation,u,0,0
extensible-exceptions,s,0,0
rdtsc,s,0,0
mercury-api,s,0,0
frontmatter,s,0,0
serversession-frontend-wai,s,0,0
users,s,0,0
giphy-api,u,0,0
wl-pprint-terminfo,u,0,0
cheapskate-highlight,s,0,0
thread-local-storage,s,0,0
unix-time,u,0,0
http2,u,0,0
pipes-fastx,u,0,0
fileplow,s,0,0
aeson-casing,s,0,0
haskell-gi-overloading,s,0,0
cipher-des,s,0,0
streamproc,s,0,0
swagger,s,0,0
mysql,s,0,0
almost-fix,s,0,0
data-lens-light,s,0,0
pkcs10,s,0,0
carray,s,0,0
x509-validation,s,0,0
apportionment,s,0,0
servant-websockets,u,0,0
unliftio,s,0,0
epub-metadata,s,0,0
SHA,s,0,0
o-clock,s,0,0
hspec-expectations-pretty-diff,s,0,0
microstache,s,0,0
MonadRandom,s,0,0
GLUT,s,0,0
keycode,s,0,0
extra,s,0,0
hourglass,s,0,0
mersenne-random-pure64,s,0,0
sandman,s,0,0
generic-aeson,s,0,0
heredoc,s,0,0
checkers,u,0,0
gi-gio,s,0,0
setlocale,s,0,0
logging-facade,s,0,0
htoml,s,0,0
haskeline,s,0,0
edit-distance,s,0,0
openssl-streams,s,0,0
haskell-spacegoo,s,0,0
xml-conduit-parse,s,0,0
one-liner-instances,u,0,0
goggles,u,0,0
hunit-dejafu,u,0,0
declarative,u,0,0
hsdns,s,0,0
xml-to-json,s,0,0
unsafe,s,0,0
sundown,s,0,0
serf,s,0,0
polynomials-bernstein,s,0,0
cipher-camellia,s,0,0
read-env-var,u,0,0
attoparsec-base64,s,0,0
io-storage,s,0,0
with-location,s,0,0
split,s,0,0
system-argv0,s,0,0
perfect-hash-generator,s,0,0
stm,s,0,0
tuples-homogenous-h98,s,0,0
attoparsec-binary,s,0,0
xml-conduit,s,0,0
dependent-sum-template,s,0,0
folds,u,0,0
appar,s,0,0
histogram-fill,s,0,0
skein,s,0,0
uniq-deep,s,0,0
fail,s,0,0
pcre-heavy,u,0,0
yesod-core,s,0,0
timerep,s,0,0
hledger,u,0,0
htaglib,s,0,0
path,s,0,0
hexml-lens,u,0,0
multiarg,s,0,0
filemanip,s,0,0
servius,s,0,0
disk-free-space,s,0,0
aeson-picker,u,0,0
data-default-class,s,0,0
mbox-utility,s,0,0
universe-instances-trans,s,0,0
discount,s,0,0
slug,u,0,0
bitcoin-tx,u,0,0
pipes-bytestring,u,0,0
alerts,s,0,0
imprint,s,0,0
tasty-golden,s,0,0
gi-atk,s,0,0
xml-hamlet,s,0,0
netwire-input,u,0,0
hsyslog,u,0,0
lame,s,0,0
blaze-markup,s,0,0
comonad,u,0,0
parser-combinators,s,0,0
dhall,u,0,0
strict-base-types,u,0,0
multimap,s,0,0
hex,s,0,0
HDBC,s,0,0
one-liner,u,0,0
clumpiness,s,0,0
deriving-compat,s,0,0
monad-journal,s,0,0
wai-slack-middleware,s,0,0
sdl2-gfx,u,0,0
ses-html,s,0,0
universe-base,s,0,0
arrow-extras,s,0,0
ad,u,0,0
gi-cairo,s,0,0
web-routes-wai,s,0,0
storable-tuple,s,0,0
tagstream-conduit,s,0,0
throwable-exceptions,s,0,0
hapistrano,s,0,0
hw-mquery,s,0,0
open-browser,s,0,0
re2,s,0,0
base64-bytestring,s,0,0
pointed,u,0,0
hreader,s,0,0
every,s,0,0
amqp,s,0,0
monad-skeleton,s,0,0
Diff,s,0,0
aern2-real,u,0,0
aeson-pretty,s,0,0
persistent,u,0,0
xmlgen,s,0,0
ParsecTools,s,0,0
configurator,s,0,0
vector-sized,s,0,0
storable-complex,s,0,0
crypto-cipher-types,s,0,0
cheapskate-lucid,s,0,0
FenwickTree,s,0,0
hidapi,s,0,0
tasty-expected-failure,s,0,0
SegmentTree,s,0,0
pipes-group,u,0,0
ghost-buster,s,0,0
postgresql-libpq,s,0,0
youtube,s,0,0
soap,s,0,0
hmatrix-morpheus,s,0,0
haxl,s,0,0
bindings-uname,s,0,0
abstract-deque,s,0,0
servant-client,u,0,0
vector-mmap,s,0,0
timezone-series,s,0,0
monads-tf,s,0,0
freer-simple,s,0,0
unordered-containers,s,0,0
google-oauth2-jwt,s,0,0
conduit-connection,s,0,0
hspec,s,0,0
atomic-write,s,0,0
cipher-rc4,s,0,0
pipes-wai,s,0,0
managed,s,0,0
barrier,s,0,0
vector-builder,s,0,0
network-simple,s,0,0
text,s,0,0
frisby,s,0,0
wave,s,0,0
uncertain,u,0,0
probability,s,0,0
world-peace,u,0,0
extractable-singleton,s,0,0
haskell-src-exts-util,s,0,0
hspec-meta,s,0,0
pipes-fluid,u,0,0
yesod-auth-hashdb,u,0,0
composable-associations,u,0,0
pem,s,0,0
cryptonite-openssl,s,0,0
io-manager,s,0,0
vector-space,s,0,0
HSvm,s,0,0
hexstring,s,0,0
protocol-buffers,s,0,0
unfoldable,u,0,0
http-common,s,0,0
servant-cassava,u,0,0
cpuinfo,s,0,0
byteset,s,0,0
open-witness,u,0,0
adjunctions,u,0,0
fclabels,s,0,0
network-transport-tests,s,0,0
generic-arbitrary,s,0,0
tasty-kat,s,0,0
hs-bibutils,s,0,0
dependent-map,s,0,0
cased,s,0,0
tcp-streams-openssl,s,0,0
cryptohash-md5,s,0,0
basic-prelude,s,0,0
monad-logger-syslog,u,0,0
xml-lens,u,0,0
mmark,u,0,0
storable-record,s,0,0
unix-bytestring,s,0,0
typography-geometry,s,0,0
primes,s,0,0
partial-order,s,0,0
binary-list,s,0,0
flac,s,0,0
splice,s,0,0
cron,s,0,0
references,u,0,0
string-qq,s,0,0
snowflake,s,0,0
mysql-haskell-nem,s,0,0
io-choice,s,0,0
large-hashable,u,0,0
composition,s,0,0
invariant,u,0,0
lift-generics,s,0,0
prelude-safeenum,s,0,0
oeis,s,0,0
sum-type-boilerplate,s,0,0
hspec-golden-aeson,s,0,0
markdown-unlit,s,0,0
typelits-witnesses,s,0,0
FindBin,s,0,0
rawstring-qm,s,0,0
leancheck,s,0,0
reinterpret-cast,s,0,0
nondeterminism,s,0,0
prettyclass,s,0,0
massiv-io,s,0,0
mime-mail-ses,s,0,0
nicify-lib,s,0,0
moesocks,u,0,0
alex,s,0,0
retry,s,0,0
X11,s,0,0
rdf,s,0,0
easytest,s,0,0
word24,s,0,0
lapack-ffi,s,0,0
type-spec,s,0,0
hspec-attoparsec,s,0,0
crypto-pubkey-types,s,0,0
nano-erl,s,0,0
HaTeX,u,0,0
persistent-iproute,u,0,0
persistent-template,u,0,0
xml-conduit-writer,s,0,0
curl,s,0,0
prim-uniq,s,0,0
lazyio,s,0,0
netpbm,s,0,0
safe-exceptions,s,0,0
clr-host,s,0,0
clock,s,0,0
http-api-data,u,0,0
enclosed-exceptions,s,0,0
lens-datetime,u,0,0
executable-path,s,0,0
megaparsec,s,0,0
double-conversion,s,0,0
th-orphans,f,6,0
groom,s,0,0
renderable,s,0,0
syb,s,0,0
wikicfp-scraper,s,0,0
distributive,u,0,0
yoga,s,0,0
yjtools,s,0,0
wizards,s,0,0
hailgun,s,0,0
TCache,s,0,0
hasty-hamiltonian,u,0,0
blaze-textual,s,0,0
system-fileio,s,0,0
hslua-aeson,s,0,0
lens-properties,u,0,0
prefix-units,s,0,0
language-nix,u,0,0
static-text,s,0,0
generic-deriving,s,0,0
post-mess-age,s,0,0
binary-shared,s,0,0
next-ref,s,0,0
docopt,s,0,0
hspec-core,s,0,0
vty,s,0,0
alternative-vector,s,0,0
rot13,s,0,0
libgraph,s,0,0
withdependencies,u,0,0
med-module,s,0,0
massiv,s,0,0
largeword,s,0,0
hxt-pickle-utils,s,0,0
event-list,s,0,0
gi-glib,s,0,0
strict-concurrency,s,0,0
doctemplates,s,0,0
yesod-gitrepo,s,0,0
ersatz,u,0,0
phantom-state,s,0,0
async-refresh-tokens,s,0,0
language-docker,u,0,0
compactmap,s,0,0
DAV,u,0,0
strict,s,0,0
type-level-integers,s,0,0
kan-extensions,u,0,0
ghc-tcplugins-extra,f,6,0
pcf-font,s,0,0
monad-metrics,s,0,0
ghc-exactprint,u,0,0
gi-gtk,s,0,0
prettyprinter-compat-ansi-wl-pprint,s,0,0
prettyprinter-compat-wl-pprint,s,0,0
servant-client-core,u,0,0
unique,s,0,0
nanospec,s,0,0
hmatrix-vector-sized,u,0,0
github-types,s,0,0
linux-namespaces,s,0,0
wire-streams,s,0,0
monad-loops,s,0,0
hjsmin,s,0,0
unbounded-delays,s,0,0
entropy,s,0,0
quickcheck-text,s,0,0
cubicspline,s,0,0
wl-pprint-extras,u,0,0
mintty,s,0,0
hw-xml,u,0,0
yes-precure5-command,s,0,0
dataurl,s,0,0
monad-control,s,0,0
code-page,s,0,0
resource-pool,s,0,0
tce-conf,s,0,0
stringsearch,s,0,0
picosat,s,0,0
foundation,s,0,0
data-msgpack-types,s,0,0
zip,s,0,0
mysql-haskell,s,0,0
serversession,s,0,0
tasty-hspec,s,0,0
tls,s,0,0
floatshow,s,0,0
gi-gdk,s,0,0
unix-compat,s,0,0
monad-par-extras,s,0,0
network-transport-inmemory,s,0,0
test-framework-quickcheck2,s,0,0
lapack-carray,s,0,0
network-conduit-tls,s,0,0
gitrev,s,0,0
aeson-generic-compat,s,0,0
criterion,s,0,0
auto-update,s,0,0
wai-eventsource,s,0,0
semigroupoid-extras,u,0,0
jack,s,0,0
instance-control,s,0,0
lockfree-queue,s,0,0
glabrous,u,0,0
verbosity,s,0,0
koofr-client,s,0,0
aeson-iproute,u,0,0
network-attoparsec,s,0,0
th-strict-compat,s,0,0
rev-state,s,0,0
funcmp,s,0,0
HSlippyMap,s,0,0
matrix,s,0,0
gd,s,0,0
union-find,s,0,0
asn1-types,s,0,0
operational-class,s,0,0
jose,u,0,0
crypto-cipher-tests,s,0,0
hw-balancedparens,s,0,0
conduit-throttle,s,0,0
hedgehog,s,0,0
free-vl,s,0,0
io-region,s,0,0
servant-pandoc,u,0,0
writer-cps-lens,u,0,0
pretty-hex,s,0,0
uniplate,s,0,0
binary-parsers,s,0,0
configuration-tools,u,0,0
tree-fun,s,0,0
crypto-api,s,0,0
splitmix,s,0,0
spreadsheet,s,0,0
oauthenticated,s,0,0
th-nowq,s,0,0
quickcheck-arbitrary-adt,u,0,0
gi-gtksource,s,0,0
stm-stats,s,0,0
network,u,0,0
regex-compat-tdfa,s,0,0
data-default-instances-old-locale,s,0,0
async,s,0,0
word8,s,0,0
bit-stream,s,0,0
bytedump,s,0,0
partial-handler,s,0,0
pureMD5,s,0,0
websockets,s,0,0
tzdata,s,0,0
lifted-base,s,0,0
mono-traversable-instances,u,0,0
tz,s,0,0
x509-store,s,0,0
parsec,s,0,0
mcmc-types,s,0,0
conduit-iconv,s,0,0
bcrypt,s,0,0
req,u,0,0
html-conduit,s,0,0
action-permutations,s,0,0
connection,s,0,0
libmpd,s,0,0
mysql-haskell-openssl,s,0,0
pipes-misc,u,0,0
constraints,s,0,0
conduit-parse,s,0,0
xml-basic,s,0,0
type-operators,s,0,0
tree-diff,s,0,0
doctest,f,84,0
Ebnf2ps,s,0,0
dlist,s,0,0
codec,u,0,0
unit-constraint,s,0,0
shortcut-links,s,0,0
hashmap,s,0,0
bitset-word8,s,0,0
edit-distance-vector,s,0,0
matrices,s,0,0
string-class,s,0,0
conduit,u,0,0
classy-prelude-conduit,u,0,0
ref-fd,s,0,0
lens-family-th,s,0,0
servant-swagger,u,0,0
cryptonite-conduit,s,0,0
intro,u,0,0
monad-coroutine,s,0,0
data-default,s,0,0
servant-mock,u,0,0
HandsomeSoup,s,0,0
vector-instances,u,0,0
hledger-interest,s,0,0
semigroups,s,0,0
libffi,s,0,0
hoogle,s,0,0
servant-subscriber,u,0,0
interpolatedstring-perl6,u,0,0
bitcoin-api-extra,u,0,0
containers-unicode-symbols,s,0,0
overhang,s,0,0
integration,s,0,0
protocol-buffers-descriptor,s,0,0
line,s,0,0
vivid-supercollider,s,0,0
feature-flags,s,0,0
justified-containers,s,0,0
arrow-list,s,0,0
bitx-bitcoin,u,0,0
ua-parser,s,0,0
Hoed,s,0,0
fixed-vector-hetero,s,0,0
HUnit,s,0,0
turtle,u,0,0
hw-diagnostics,s,0,0
th-reify-many,s,0,0
stm-extras,s,0,0
csv,s,0,0
test-framework-th,s,0,0
read-editor,s,0,0
cond,s,0,0
highlighting-kate,s,0,0
yesod-sitemap,s,0,0
ghc-typelits-knownnat,u,0,0
ip,s,0,0
servant-server,u,0,0
both,s,0,0
bsb-http-chunked,s,0,0
pager,s,0,0
Strafunski-StrategyLib,s,0,0
show-combinators,s,0,0
symengine,s,0,0
svg-tree,u,0,0
fmlist,s,0,0
path-pieces,s,0,0
ndjson-conduit,s,0,0
ofx,s,0,0
data-accessor-transformers,s,0,0
Spintax,s,0,0
result,u,0,0
smallcheck,s,0,0
ekg,s,0,0
irc-ctcp,s,0,0
speculation,s,0,0
stm-conduit,u,0,0
hxt-expat,s,0,0
leveldb-haskell,s,0,0
ghc-typelits-natnormalise,u,0,0
async-extra,s,0,0
tasty-auto,s,0,0
lens-family-core,s,0,0
elm-core-sources,s,0,0
gi-gobject,s,0,0
storablevector,s,0,0
hxt-http,s,0,0
iso639,s,0,0
rss-conduit,u,0,0
pqueue,s,0,0
accuerr,u,0,0
jwt,u,0,0
herms,s,0,0
code-builder,s,0,0
dlist-nonempty,u,0,0
cutter,s,0,0
debug,s,0,0
x11-xim,s,0,0
bson-lens,u,0,0
generics-eot,u,0,0
enumset,s,0,0
irc-dcc,s,0,0
servant,u,0,0
conduit-extra,s,0,0
th-reify-compat,s,0,0
papillon,s,0,0
witness,u,0,0
SCalendar,s,0,0
wreq,u,0,0
log-domain,u,0,0
sbp,u,0,0
pandoc-types,s,0,0
random-shuffle,s,0,0
tardis,s,0,0
monad-time,s,0,0
base-orphans,s,0,0
show-prettyprint,u,0,0
bitcoin-api,u,0,0
fast-logger,s,0,0
gauge,s,0,0
casing,s,0,0
memory,s,0,0
filter-logger,s,0,0
http-date,u,0,0
hackage-db,s,0,0
boltzmann-samplers,u,0,0
repline,s,0,0
stopwatch,s,0,0
hw-hedgehog,s,0,0
sdl2,u,0,0
currencies,s,0,0
imagesize-conduit,s,0,0
config-ini,s,0,0
dawg-ord,s,0,0
rasterific-svg,u,0,0
th-abstraction,s,0,0
simple-sendfile,s,0,0
credential-store,u,0,0
scalendar,s,0,0
mmap,s,0,0
concurrent-output,s,0,0
midi,s,0,0
friday,s,0,0
libxml-sax,s,0,0
xml,s,0,0
lattices,u,0,0
utility-ht,s,0,0
random-bytestring,s,0,0
uri-templater,u,0,0
erf,s,0,0
th-lift-instances,s,0,0
leapseconds-announced,s,0,0
tasty-silver,s,0,0
OpenAL,s,0,0
btrfs,s,0,0
flac-picture,s,0,0
opensource,s,0,0
unicode-show,s,0,0
zim-parser,s,0,0
pipes-network,s,0,0
tile,s,0,0
latex,s,0,0
zlib-lens,u,0,0
hw-prim,s,0,0
tagged,s,0,0
text-zipper,s,0,0
chan,s,0,0
numtype-dk,s,0,0
wai-cli,s,0,0
time-compat,s,0,0
configurator-export,s,0,0
string-transform,s,0,0
xml-indexed-cursor,u,0,0
hxt,s,0,0
data-accessor,s,0,0
clock-extras,s,0,0
terminal-size,s,0,0
bv,s,0,0
special-values,s,0,0
tar-conduit,s,0,0
singletons,u,0,0
wai-session,s,0,0
uri-bytestring,s,0,0
string-conv,s,0,0
logfloat,s,0,0
hvect,s,0,0
ekg-json,s,0,0
js-jquery,s,0,0
attoparsec-ip,s,0,0
fft,s,0,0
yesod-newsfeed,s,0,0
haskell-src-exts,s,0,0
maximal-cliques,s,0,0
vector-binary-instances,s,0,0
ghc-typelits-extra,u,0,0
datadog,u,0,0
transaction,u,0,0
nix-paths,s,0,0
intervals,u,0,0
stringbuilder,s,0,0
yesod-persistent,u,0,0
hslua-module-text,s,0,0
do-list,s,0,0
makefile,s,0,0
language-c,s,0,0
servant-blaze,u,0,0
gi-pango,s,0,0
simple-reflect,s,0,0
silently,s,0,0
mockery,s,0,0
wl-pprint-annotated,s,0,0
hopfli,s,0,0
utf8-light,s,0,0
charsetdetect-ae,s,0,0
type-level-kv-list,u,0,0
snap-server,s,0,0
scalpel,s,0,0
sexp-grammar,u,0,0
x509,s,0,0
tagchup,s,0,0
bencode,s,0,0
vinyl,u,0,0
promises,s,0,0
yesod,u,0,0
hostname-validate,s,0,0
classy-prelude-yesod,u,0,0
hexml,s,0,0
keys,u,0,0
wrap,s,0,0
blaze-builder,s,0,0
gravatar,s,0,0
ansi-terminal,s,0,0
parsers,s,0,0
protobuf-simple,s,0,0
cryptocompare,s,0,0
boolsimplifier,s,0,0
lens,u,0,0
machines-binary,u,0,0
math-functions,s,0,0
quickcheck-instances,s,0,0
hruby,s,0,0
monad-unlift-ref,s,0,0
regex-compat,s,0,0
vector-buffer,s,0,0
wai-middleware-caching-lru,u,0,0
threepenny-gui,s,0,0
vivid,s,0,0
pdfinfo,s,0,0
hashids,s,0,0
pathwalk,s,0,0
inflections,s,0,0
unliftio-core,s,0,0
weigh,s,0,0
yesod-alerts,s,0,0
control-bool,s,0,0
base-compat,s,0,0
concurrent-extra,s,0,0
tmapchan,s,0,0
ix-shapable,s,0,0
binary-conduit,s,0,0
cache,s,0,0
pipes-csv,u,0,0
loop,u,0,0
cassava,s,0,0
aeson-typescript,u,0,0
concurrent-split,s,0,0
language-javascript,s,0,0
aeson-utils,s,0,0
monad-products,u,0,0
wide-word,s,0,0
Boolean,s,0,0
bindings-DSL,s,0,0
kawhi,s,0,0
monadic-arrays,s,0,0
annotated-wl-pprint,s,0,0
unification-fd,s,0,0
io-streams,s,0,0
data-accessor-mtl,s,0,0
hw-rankselect,s,0,0
hw-rankselect-base,s,0,0
dotnet-timespan,s,0,0
hw-conduit,s,0,0
speculate,s,0,0
selda-postgresql,s,0,0
x509-system,s,0,0
Clipboard,s,0,0
hamilton,u,0,0
ip6addr,s,0,0
deepseq-generics,s,0,0
safecopy,u,0,0
pandoc,s,0,0
distributed-closure,s,0,0
cayley-client,u,0,0
pipes-parse,s,0,0
sdl2-mixer,u,0,0
polyparse,s,0,0
tls-debug,s,0,0
ghc-paths,s,0,0
tagged-identity,s,0,0
poll,s,0,0
mtl-prelude,s,0,0
matrix-market-attoparsec,s,0,0
refined,s,0,0
quickbench,s,0,0
nsis,s,0,0
web-plugins,s,0,0
errors-ext,s,0,0
tar,s,0,0
xml-types,s,0,0
pandoc-citeproc,s,0,0
bifunctors,u,0,0
purescript-bridge,u,0,0
exact-pi,s,0,0
ace,u,0,0
dsp,s,0,0
haskell-gi,u,0,0
refact,s,0,0
mapquest-api,u,0,0
cassava-records,u,0,0
distribution-nixpkgs,u,0,0
pipes,s,0,0
mutable-containers,s,0,0
network-house,s,0,0
cryptohash-cryptoapi,s,0,0
universe-reverse-instances,s,0,0
yesod-form,u,0,0
microlens-ghc,s,0,0
hspec-wai,s,0,0
comfort-graph,s,0,0
quickcheck-properties,s,0,0
store,u,0,0
hyphenation,u,0,0
FontyFruity,s,0,0
streams,u,0,0
utf8-string,s,0,0
cryptohash-sha256,s,0,0
NoHoed,s,0,0
attoparsec-iso8601,s,0,0
tasty-dejafu,u,0,0
web-routes,s,0,0
http-link-header,u,0,0
pipes-concurrency,f,0,0
hashtables,s,0,0
timezone-olson,s,0,0
chunked-data,s,0,0
authenticate-oauth,s,0,0
hweblib,s,0,0
monad-parallel,s,0,0
hebrew-time,s,0,0
word-wrap,s,0,0
kmeans,s,0,0
string-combinators,s,0,0
network-multicast,s,0,0
GenericPretty,s,0,0
assert-failure,s,0,0
cipher-aes,s,0,0
websockets-snap,s,0,0
ClustalParser,s,0,0
xml-to-json-fast,s,0,0
interpolate,u,0,0
formatting,s,0,0
search-algorithms,u,0,0
non-empty,s,0,0
old-time,s,0,0
product-profunctors,u,0,0
jose-jwt,u,0,0
numeric-extras,s,0,0
text-icu,s,0,0
hslogger,s,0,0
hsemail,u,0,0
regex-tdfa,s,0,0
hamtsolo,s,0,0
graphs,s,0,0
mathexpr,s,0,0
composition-extra,s,0,0
hierarchy,u,0,0
cheapskate,s,0,0
X11-xft,s,0,0
adler32,s,0,0
text-metrics,s,0,0
control-monad-omega,s,0,0
zippers,u,0,0
skylighting,s,0,0
yeshql,s,0,0
attoparsec-expr,s,0,0
tasty-program,s,0,0
HaskellNet-SSL,s,0,0
zero,s,0,0
yesod-gitrev,s,0,0
sdl2-ttf,u,0,0
messagepack,s,0,0
bloodhound,s,0,0
snap-core,s,0,0
typed-process,s,0,0
xss-sanitize,s,0,0
charset,s,0,0
html-entity-map,s,0,0
zlib-bindings,s,0,0
vault,s,0,0
http-streams,s,0,0
writer-cps-mtl,s,0,0
hdaemonize,u,0,0
elerea,s,0,0
graph-core,s,0,0
commutative,s,0,0
lzma,s,0,0
colorize-haskell,s,0,0
path-extra,s,0,0
dotenv,s,0,0
islink,s,0,0
singleton-nats,u,0,0
pcg-random,u,0,0
pipes-attoparsec,s,0,0
farmhash,s,0,0
should-not-typecheck,s,0,0
generics-sop-lens,u,0,0
transformers-fix,s,0,0
warp-tls,s,0,0
universe-instances-base,s,0,0
parseargs,s,0,0
QuasiText,u,0,0
bench,u,0,0
old-locale,s,0,0
llvm-hs-pure,s,0,0
hxt-tagsoup,s,0,0
lrucaching,s,0,0
safe-exceptions-checked,s,0,0
bitcoin-types,s,0,0
tfp,s,0,0
directory-tree,s,0,0
mstate,s,0,0
data-default-instances-dlist,s,0,0
hsinstall,s,0,0
iso8601-time,s,0,0
rank1dynamic,s,0,0
ghc-core,s,0,0
between,s,0,0
hspec-checkers,u,0,0
odbc,s,0,0
bno055-haskell,s,0,0
blas-hs,s,0,0
securemem,s,0,0
unlit,s,0,0
http-client-tls,s,0,0
pipes-http,s,0,0
flat-mcmc,s,0,0
hset,s,0,0
intern,s,0,0
fixed-vector,u,0,0
contravariant,s,0,0
transformers-either,s,0,0
atomic-primops,s,0,0
servant-foreign,u,0,0
dockerfile,s,0,0
logging-facade-syslog,u,0,0
since,s,0,0
ghc-prof,s,0,0
zip-stream,s,0,0
wuss,s,0,0
GLURaw,s,0,0
graph-wrapper,s,0,0
persistent-mysql,u,0,0
c2hs,s,0,0
text-manipulate,s,0,0
semver,s,0,0
seqalign,s,0,0
th-desugar,u,0,0
mime-types,s,0,0
ieee754,s,0,0
sort,s,0,0
microformats2-parser,u,0,0
raw-strings-qq,s,0,0
exceptional,s,0,0
throttle-io-stream,s,0,0
shell-escape,s,0,0
file-modules,s,0,0
time-locale-vietnamese,s,0,0
nvim-hs,s,0,0
hmatrix-gsl-stats,s,0,0
control-monad-free,s,0,0
cabal2spec,f,0,0
json-autotype,u,0,0
drifter,s,0,0
cprng-aes,s,0,0
StateVar,s,0,0
HDBC-mysql,s,0,0
HSet,s,0,0
mountpoints,s,0,0
ihs,s,0,0
HsOpenSSL-x509-system,s,0,0
cipher-blowfish,s,0,0
pointless-fun,s,0,0
concurrent-supply,s,0,0
base58string,s,0,0
opml-conduit,s,0,0
monad-extras,s,0,0
aeson-better-errors,s,0,0
dimensional,u,0,0
fold-debounce,s,0,0
uri-encode,s,0,0
salve,u,0,0
regex-base,s,0,0
authenticate,s,0,0
pretty-class,s,0,0
fuzzcheck,s,0,0
hstatsd,s,0,0
th-expand-syns,s,0,0
regex-posix,s,0,0
derulo,u,0,0
calendar-recycling,s,0,0
fgl,s,0,0
cryptonite,s,0,0
arithmoi,s,0,0
alsa-seq,s,0,0
llvm-hs,s,0,0
linear,u,0,0
dvorak,s,0,0
non-empty-sequence,s,0,0
zlib,s,0,0
gi-gtk-hs,s,0,0
tasty-quickcheck,s,0,0
inspection-testing,s,0,0
concurrency,s,0,0
dhall-text,u,0,0
network-uri,s,0,0
data-msgpack,s,0,0
hw-parser,s,0,0
mtl,s,0,0
convertible,s,0,0
compensated,u,0,0
foldl,u,0,0
pcf-font-embed,s,0,0
tsv2csv,s,0,0
natural-transformation,s,0,0
easy-file,s,0,0
machines-io,u,0,0
stm-split,s,0,0
monad-logger-json,s,0,0
shell-conduit,s,0,0
cmdargs,s,0,0
req-conduit,u,0,0
immortal,s,0,0
uglymemo,s,0,0
servant-static-th,u,0,0
ChasingBottoms,s,0,0
cast,s,0,0
sample-frame-np,s,0,0
pretty-simple,u,0,0
rattletrap,s,0,0
html,s,0,0
glaze,u,0,0
network-info,s,0,0
labels,s,0,0
linux-file-extents,s,0,0
tabular,s,0,0
bv-little,s,0,0
marvin-interpolate,u,0,0
proxied,s,0,0
classy-prelude,u,0,0
mnist-idx,s,0,0
sparse-linear-algebra,s,0,0
js-flot,s,0,0
iconv,s,0,0
mmorph,s,0,0
console-style,s,0,0
abstract-deque-tests,s,0,0
data-binary-ieee754,s,0,0
shake-language-c,u,0,0
crypto-random,s,0,0
katip-scalyr-scribe,u,0,0
either-unwrap,s,0,0
monad-logger-prefix,u,0,0
pinboard,u,0,0
tcp-streams,s,0,0
asn1-parse,s,0,0
xml-picklers,s,0,0
universe,u,0,0
hlibsass,s,0,0
github,u,0,0
al,s,0,0
threads,s,0,0
optparse-simple,s,0,0
pathtype,s,0,0
libgit,s,0,0
statistics,s,0,0
filelock,s,0,0
microlens-aeson,u,0,0
lifted-async,s,0,0
binary-ieee754,s,0,0
happy,s,0,0
wreq-stringless,u,0,0
csp,s,0,0
data-or,s,0,0
hopenssl,u,0,0
yesod-paginator,u,0,0
hashable,s,0,0
hxt-charproperties,s,0,0
tasty-hunit,s,0,0
approximate,u,0,0
freenect,s,0,0
Xauth,s,0,0
data-default-instances-containers,s,0,0
yesod-eventsource,s,0,0
blaze-html,s,0,0
ramus,s,0,0
clr-marshal,s,0,0
protocol-radius-test,s,0,0
shelltestrunner,s,0,0
MemoTrie,s,0,0
iterable,s,0,0
cpphs,s,0,0
transformers-base,s,0,0
prettyprinter-compat-annotated-wl-pprint,s,0,0
dhall-json,u,0,0
wai-predicates,u,0,0
miso,u,0,0
JuicyPixels-extra,s,0,0
numbers,s,0,0
poly-arity,s,0,0
iproute,u,0,0
soap-openssl,s,0,0
tmapmvar,s,0,0
th-data-compat,s,0,0
mime-mail,s,0,0
servant-exceptions,u,0,0
dhall-bash,u,0,0
irc,s,0,0
vector-algorithms,s,0,0
th-extras,s,0,0
pretty-types,s,0,0
digest,s,0,0
parsec-numeric,s,0,0
servant-ruby,u,0,0
stache,s,0,0
yesod-recaptcha2,u,0,0
hledger-iadd,u,0,0
textlocal,s,0,0
editor-open,s,0,0
operational,s,0,0
hsebaysdk,s,0,0
network-transport,s,0,0
options,s,0,0
github-webhooks,s,0,0
oo-prototypes,s,0,0
byteable,s,0,0
blas-ffi,s,0,0
bower-json,s,0,0
array-memoize,s,0,0
stm-chans,s,0,0
mbox,s,0,0
mustache,u,0,0
mixed-types-num,s,0,0
monad-unlift,s,0,0
HTTP,s,0,0
pretty-show,s,0,0
swagger2,u,0,0
parallel-io,s,0,0
universe-instances-extended,u,0,0
cabal2nix,u,0,0
quickcheck-io,s,0,0
bson,s,0,0
fuzzyset,u,0,0
aeson-yak,s,0,0
hexpat,s,0,0
nvim-hs-contrib,s,0,0
monad-logger,s,0,0
atom-basic,s,0,0
crypto-random-api,s,0,0
combinatorial,s,0,0
dbus,u,0,0
hspec-megaparsec,s,0,0
timeit,s,0,0
RSA,s,0,0
nats,s,0,0
base16-bytestring,s,0,0
quickcheck-simple,s,0,0
file-embed,s,0,0
monoid-transformer,s,0,0
type-fun,s,0,0
attoparsec,s,0,0
wai-extra,s,0,0
generic-lens,u,0,0
random-tree,u,0,0
colour,s,0,0
attoparsec-path,s,0,0
unfoldable-restricted,u,0,0
bibtex,s,0,0
readable,s,0,0
monad-peel,s,0,0
fn,s,0,0
regex-pcre-builtin,s,0,0
avwx,u,0,0
json-rpc-generic,s,0,0
from-sum,u,0,0
cereal-vector,s,0,0
tensorflow-test,s,0,0
bitcoin-block,u,0,0
regex-applicative,s,0,0
hquantlib,s,0,0
siphash,s,0,0
prettyprinter,u,0,0
api-field-json-th,u,0,0
handwriting,u,0,0
temporary,s,0,0
optparse-applicative,s,0,0
servant-lucid,u,0,0
blas-carray,s,0,0
css-text,s,0,0
blake2,s,0,0
gi-javascriptcore,s,0,0
newtype-generics,s,0,0
gi-gdkpixbuf,s,0,0
random,s,0,0
stack-type,s,0,0
tasty,s,0,0
monad-st,s,0,0
irc-conduit,u,0,0
language-haskell-extract,s,0,0
hw-fingertree-strict,s,0,0
haskell-src,s,0,0
ilist,u,0,0
parallel,s,0,0
errors,s,0,0
semiring-simple,s,0,0
present,s,0,0
openexr-write,s,0,0
astro,s,0,0
uuid-types,s,0,0
IntervalMap,s,0,0
recursion-schemes,u,0,0
hsp,s,0,0
boxes,s,0,0
minimorph,s,0,0
triplesec,u,0,0
DRBG,s,0,0
gpolyline,s,0,0
slack-web,u,0,0
packdeps,f,0,0
Imlib,s,0,0
hscolour,s,0,0
mighty-metropolis,u,0,0
functor-classes-compat,s,0,0
say,s,0,0
mmark-cli,u,0,0
aeson-qq,u,0,0
alternators,s,0,0
gl,s,0,0
protocol-radius,s,0,0
OpenGLRaw,s,0,0
speedy-slice,u,0,0
persistent-mysql-haskell,u,0,0
choice,s,0,0
scientific,s,0,0
listsafe,s,0,0
bytestring-builder,s,0,0
Decimal,s,0,0
binary-orphans,s,0,0
bytestring-lexing,s,0,0
lxd-client-config,s,0,0
projectroot,s,0,0
aeson-attoparsec,s,0,0
gnuplot,s,0,0
soap-tls,s,0,0
generics-sop,s,0,0
hailgun-simple,s,0,0
vector-th-unbox,s,0,0
prelude-extras,s,0,0
asn1-encoding,s,0,0
attoparsec-uri,s,0,0
QuickCheck,s,0,0
pipes-safe,s,0,0
text-conversions,s,0,0
unboxed-ref,s,0,0
hspec-discover,s,0,0
hybrid-vectors,s,0,0
hslua,s,0,0
exact-combinatorics,s,0,0
hmatrix,s,0,0
HaskellNet,s,0,0
composable-associations-aeson,u,0,0
test-framework-smallcheck,s,0,0
sampling,u,0,0
through-text,s,0,0
language-java,s,0,0
l10n,s,0,0
http-conduit,s,0,0
string-conversions,s,0,0
webrtc-vad,s,0,0
bits-extra,s,0,0
zeromq4-haskell,s,0,0
clang-compilation-database,s,0,0
bindings-libzip,s,0,0
HsOpenSSL,s,0,0
half,s,0,0
haskell-src-meta,u,0,0
extensible,u,0,0
sdl2-image,u,0,0
validation,u,0,0
tagsoup,s,0,0
pipes-extras,u,0,0
soxlib,s,0,0
system-filepath,s,0,0
concise,u,0,0
cabal-doctest,f,50,0
algebra,u,0,0
pcre-utils,s,0,0
data-ordlist,s,0,0
unbound-generics,u,0,0
nagios-check,u,0,0
tagged-binary,s,0,0
pooled-io,s,0,0
swish,s,0,0
crypto-api-tests,s,0,0
vector-split,s,0,0
debian-build,s,0,0
webdriver,s,0,0
finite-typelits,s,0,0
bitcoin-script,s,0,0
data-diverse-lens,u,0,0
format-numbers,s,0,0
monad-recorder,s,0,0
lca,u,0,0
stratosphere,u,0,0
wai-logger,u,0,0
chaselev-deque,s,0,0
bbdb,s,0,0
hmatrix-gsl,s,0,0
vivid-osc,s,0,0
optparse-text,s,0,0
smtp-mail,s,0,0
pgp-wordlist,u,0,0
algebraic-graphs,s,0,0
broadcast-chan,s,0,0
pushbullet-types,u,0,0
netwire,u,0,0
th-lift,s,0,0
distributed-static,s,0,0
rfc5051,s,0,0
io-machine,s,0,0
cryptocipher,s,0,0
resourcet,s,0,0
hxt-unicode,s,0,0
machines,u,0,0
load-env,s,0,0
sample-frame,s,0,0
monad-memo,s,0,0
abstract-par,s,0,0
hourglass-orphans,s,0,0
general-games,s,0,0
Earley,s,0,0
glazier,u,0,0
scotty,s,0,0
hyperloglog,u,0,0
hw-bits,s,0,0
async-refresh,s,0,0
microlens-mtl,s,0,0
http-types,u,0,0
linked-list-with-iterator,s,0,0
scanner,s,0,0
stateref,s,0,0
Rasterific,u,0,0
microlens-contra,f,0,0
binary-bits,s,0,0
freetype2,s,0,0
pptable,s,0,0
ttrie,s,0,0
tostring,s,0,0
fixed,s,0,0
microlens,s,0,0
type-level-numbers,s,0,0
persistent-sqlite,u,0,0
viewprof,u,0,0
Glob,s,0,0
envelope,u,0,0
smoothie,u,0,0
wai-app-static,s,0,0
prelude-compat,s,0,0
aeson,s,0,0
multipart,s,0,0
influxdb,u,0,0
tinylog,s,0,0
cpu,s,0,0
tls-session-manager,s,0,0
unordered-intmap,s,0,0
cisco-spark-api,s,0,0
path-io,s,0,0
messagepack-rpc,s,0,0
signal,s,0,0
ascii-progress,s,0,0
zstd,s,0,0
ekg-statsd,s,0,0
reducers,u,0,0
hw-int,s,0,0
mwc-probability,s,0,0
streamly,s,0,0
iff,s,0,0
hbeanstalk,s,0,0
discrimination,u,0,0
mono-traversable,u,0,0
lzma-conduit,s,0,0
brick,s,0,0
primitive,s,0,0
ListLike,s,0,0
morte,s,0,0
hsyslog-udp,u,0,0
bordacount,s,0,0
http-client-openssl,s,0,0
curl-runnings,s,0,0
eliminators,u,0,0
snap-blaze,s,0,0
psqueues,s,0,0
boundingboxes,u,0,0
users-test,s,0,0
superbuffer,s,0,0
alsa-core,s,0,0
call-stack,s,0,0
skylighting-core,s,0,0
safe,s,0,0
yaml,s,0,0
http-media,s,0,0
countable,s,0,0
transformers-compat,s,0,0
datasets,u,0,0
store-core,s,0,0
base32string,s,0,0
jailbreak-cabal,s,0,0
profunctors,u,0,0
vector,s,0,0
time-locale-compat,s,0,0
dejafu,u,0,0
fast-digits,s,0,0
hmpfr,s,0,0
threads-extras,s,0,0
graylog,s,0,0
error-util,s,0,0
s3-signer,s,0,0
extrapolate,s,0,0
numeric-prelude,s,0,0
identicon,s,0,0
hxt-regex-xmlschema,s,0,0
bytes,u,0,0
ViennaRNAParser,s,0,0
hxt-curl,s,0,0
human-readable-duration,u,0,0
echo,s,0,0
hspec-smallcheck,s,0,0
web-routes-hsp,s,0,0
exp-pairs,s,0,0
h2c,s,0,0
hspec-expectations,s,0,0
network-transport-composed,s,0,0
zot,s,0,0
nonce,s,0,0
text-ldap,s,0,0
timelens,u,0,0
word-trie,s,0,0
cue-sheet,s,0,0
non-negative,s,0,0
iso3166-country-codes,s,0,0
yesod-csp,u,0,0
prettyprinter-ansi-terminal,u,0,0
hpack,u,0,0
yesod-static,u,0,0
mysql-simple,s,0,0
app-settings,s,0,0
buffer-pipe,s,0,0
hsexif,s,0,0
neat-interpolation,s,0,0
hw-hspec-hedgehog,s,0,0
yesod-auth,u,0,0
dlist-instances,s,0,0
texmath,s,0,0
cryptohash,s,0,0
sourcemap,s,0,0
hw-excess,s,0,0
